log_id,timestamp,user_id,device_type,device_platform,event_type,session_duration_sec
L1,2025-10-02T04:40:00Z,U-1017,Mobile,Android,view_item,427
L3,2025-10-01T23:19:48Z,U-1046,Mobile,iOS,Logout,237
L5,2025-10-05T16:17:08Z,U-1079,Mobile,iOS,Logout,162
L7,2025-10-08T15:03:37Z,U-1001,Mobile,Android,Login,12
L10,2025-10-12T16:50:04Z,U-1042,Mobile,iOS,search,90
L11,2025-10-02T19:04:45Z,U-1002,Mobile,iOS,purchase,417
L12,2025-10-17T05:22:44Z,U-1047,Mobile,Android,Login,160
L15,2025-10-18T10:58:39Z,U-1045,Mobile,iOS,Login,512
L16,2025-10-19T08:05:06Z,U-1015,Mobile,iOS,search,143
L17,2025-10-10T06:14:21Z,U-1078,Mobile,Android,add_to_cart,332
L18,2025-10-03T20:04:30Z,U-1037,Mobile,iOS,Login,411
L19,2025-10-18T17:04:14Z,U-1064,Mobile,Android,purchase,0
L22,2025-10-09T08:21:23Z,U-1016,Mobile,Android,view_item,0
L23,2025-10-02T05:14:14Z,U-1040,Mobile,Android,purchase,0
L25,2025-10-15T14:29:38Z,U-1009,Mobile,iOS,add_to_cart,309
L28,2025-10-08T14:10:27Z,U-1076,Mobile,iOS,Login,442
L29,2025-10-03T16:19:36Z,U-1020,Mobile,Android,Logout,381
L30,2025-10-06T15:59:39Z,U-1021,Mobile,iOS,search,0
L31,2025-10-04T03:52:08Z,U-1016,Mobile,Android,Login,292
L33,2025-10-04T09:59:25Z,U-1063,Desktop,Web,search,366
L35,2025-10-15T12:40:11Z,U-1031,Other,Other,purchase,0
L36,2025-10-16T03:42:54Z,U-1040,Desktop,Web,Logout,24
L37,2025-10-12T06:35:50Z,U-1002,Desktop,Web,add_to_cart,0
L42,2025-10-03T04:54:53Z,U-1000,Mobile,iOS,Login,221
L43,2025-10-18T05:33:17Z,U-1001,Desktop,Web,view_category,177
L44,2025-10-11T00:04:17Z,U-1036,Mobile,Android,add_to_cart,297
L45,2025-10-08T12:23:11Z,U-1032,Desktop,Web,Logout,0
L46,2025-10-03T10:04:50Z,U-1046,Mobile,Android,view_item,210
L48,2025-10-08T14:22:24Z,U-1036,Mobile,Android,Login,49
L49,2025-10-07T07:10:26Z,U-1071,Other,Other,Login,358
L50,2025-10-17T11:28:35Z,U-1064,Desktop,Web,purchase,495
L51,2025-10-03T20:38:00Z,U-1008,Mobile,iOS,Login,72
L53,2025-10-17T16:16:47Z,U-1021,Mobile,iOS,Logout,221
L54,2025-10-18T08:37:29Z,U-1044,Mobile,iOS,background_sync,341
L58,2025-10-20T15:52:40Z,U-1007,Mobile,Android,Logout,241
L59,2025-10-01T16:12:22Z,U-1028,Mobile,Android,Login,0
L61,2025-10-16T18:46:45Z,U-1012,Mobile,Android,Logout,260
L62,2025-10-14T19:33:49Z,U-1041,Other,Other,view_category,53
L63,2025-10-18T05:15:08Z,U-1026,Mobile,iOS,view_item,366
L64,2025-10-19T12:06:37Z,U-1030,Mobile,iOS,view_category,415
L65,2025-10-05T03:39:29Z,U-1048,Desktop,Web,background_sync,0
L66,2025-10-09T22:42:48Z,U-1014,Mobile,Android,Logout,25
L67,2025-10-20T03:09:14Z,U-1072,Mobile,iOS,view_item,145
L68,2025-10-10T06:24:49Z,U-1034,Other,Other,view_category,109
L69,2025-10-18T16:17:32Z,U-1034,Mobile,Android,purchase,329
L70,2025-10-16T20:48:54Z,U-1028,Mobile,iOS,Login,456
L71,2025-10-13T06:22:20Z,U-1058,Desktop,Web,search,451
L74,2025-10-15T04:31:08Z,U-1011,Mobile,Android,Logout,390
L77,2025-10-05T23:20:05Z,U-1034,Mobile,Android,add_to_cart,124
L79,2025-10-13T00:35:23Z,U-1014,Mobile,iOS,Login,230
L80,2025-10-18T02:52:55Z,U-1016,Mobile,Android,purchase,233
L81,2025-10-11T13:06:27Z,U-1029,Mobile,Android,search,351
L83,2025-10-06T07:06:46Z,U-1020,Mobile,iOS,view_category,0
L84,2025-10-15T22:32:41Z,U-1000,Other,Other,purchase,334
L86,2025-10-14T02:59:43Z,U-1050,Mobile,Android,purchase,551
L87,2025-10-05T09:11:22Z,U-1010,Mobile,Android,Logout,374
L88,2025-10-07T05:29:29Z,U-1060,Mobile,iOS,search,0
L89,2025-10-20T21:01:51Z,U-1003,Desktop,Web,view_category,0
L90,2025-10-17T00:28:38Z,U-1020,Mobile,Android,view_item,440
L92,2025-10-13T11:03:37Z,U-1011,Desktop,Web,purchase,129
L94,2025-10-08T22:37:56Z,U-1019,Mobile,iOS,add_to_cart,409
L96,2025-10-18T21:51:56Z,U-1011,Desktop,Web,Logout,81
L97,2025-10-13T22:45:25Z,U-1022,Other,Other,view_category,335
L98,2025-10-04T11:55:24Z,U-1020,Mobile,iOS,Logout,347
L100,2025-10-16T12:31:51Z,U-1068,Other,Other,background_sync,334
L102,2025-10-01T23:58:58Z,U-1028,Mobile,iOS,purchase,228
L103,2025-10-05T16:02:13Z,U-1042,Mobile,iOS,purchase,0
L104,2025-10-19T19:41:17Z,U-1022,Mobile,Android,add_to_cart,0
L106,2025-10-09T10:17:49Z,U-1049,Mobile,iOS,view_item,342
L107,2025-10-18T10:02:36Z,U-1041,Mobile,iOS,purchase,0
L108,2025-10-11T10:49:09Z,U-1043,Mobile,Android,view_item,0
L109,2025-10-15T07:37:34Z,U-1015,Desktop,Web,add_to_cart,260
L110,2025-10-02T14:50:18Z,U-1004,Mobile,iOS,view_category,481
L111,2025-10-02T00:43:58Z,U-1009,Mobile,iOS,view_item,0
L115,2025-10-16T17:37:30Z,U-1021,Mobile,Android,view_item,536
L118,2025-10-11T05:05:32Z,U-1054,Mobile,Android,Login,0
L119,2025-10-03T05:35:58Z,U-1021,Other,Other,Login,433
L120,2025-10-09T19:03:49Z,U-1005,Mobile,Android,purchase,149
L121,2025-10-18T23:59:14Z,U-1028,Mobile,Android,view_item,355
L122,2025-10-19T18:51:46Z,U-1050,Mobile,Android,Logout,591
L123,2025-10-19T04:50:29Z,U-1036,Desktop,Web,add_to_cart,375
L124,2025-10-17T09:53:33Z,U-1011,Mobile,iOS,view_category,16
L126,2025-10-10T06:10:24Z,U-1043,Mobile,iOS,purchase,64
L127,2025-10-03T09:11:50Z,U-1001,Mobile,Android,add_to_cart,308
L129,2025-10-09T12:49:43Z,U-1069,Mobile,Android,add_to_cart,10
L130,2025-10-19T03:30:32Z,U-1059,Mobile,iOS,search,239
L131,2025-10-09T20:28:09Z,U-1027,Desktop,Web,search,97
L133,2025-10-19T10:00:52Z,U-1062,Mobile,Android,view_category,0
L134,2025-10-14T09:57:25Z,U-1040,Mobile,Android,add_to_cart,567
L135,2025-10-05T00:06:13Z,U-1064,Mobile,iOS,Logout,63
L136,2025-10-01T22:42:09Z,U-1033,Other,Other,add_to_cart,0
L139,2025-10-06T17:24:44Z,U-1011,Mobile,iOS,view_category,423
L141,2025-10-19T12:24:44Z,U-1050,Desktop,Web,purchase,0
L142,2025-10-12T19:44:33Z,U-1010,Mobile,Android,search,395
L143,2025-10-03T19:33:52Z,U-1017,Mobile,Android,add_to_cart,237
L144,2025-10-20T04:06:19Z,U-1007,Desktop,Web,Logout,213
L146,2025-10-11T08:43:14Z,U-1008,Mobile,iOS,purchase,271
L148,2025-10-18T13:16:30Z,U-1075,Mobile,iOS,Login,200
L149,2025-10-13T06:12:01Z,U-1023,Mobile,iOS,purchase,192
L151,2025-10-05T20:27:09Z,U-1043,Desktop,Web,purchase,443
L153,2025-10-19T15:40:40Z,U-1018,Mobile,iOS,view_category,0
L156,2025-10-20T02:27:13Z,U-1012,Mobile,Android,view_item,527
L157,2025-10-05T09:30:30Z,U-1025,Mobile,iOS,purchase,293
L158,2025-10-10T04:01:36Z,U-1074,Mobile,iOS,Logout,463
L159,2025-10-16T19:21:28Z,U-1033,Mobile,Android,add_to_cart,499
L160,2025-10-16T17:52:34Z,U-1072,Desktop,Web,background_sync,0
L162,2025-10-16T20:41:22Z,U-1005,Mobile,Android,purchase,370
L163,2025-10-12T12:41:33Z,U-1028,Mobile,iOS,view_item,430
L164,2025-10-11T01:16:06Z,U-1001,Mobile,Android,view_category,0
L167,2025-10-18T00:19:55Z,U-1030,Desktop,Web,add_to_cart,250
L168,2025-10-16T21:21:01Z,U-1026,Mobile,Android,purchase,0
L169,2025-10-02T03:49:03Z,U-1019,Mobile,Android,Logout,554
L171,2025-10-17T07:55:24Z,U-1025,Desktop,Web,search,393
L172,2025-10-13T13:35:19Z,U-1017,Mobile,Android,background_sync,257
L174,2025-10-03T17:45:27Z,U-1046,Desktop,Web,purchase,447
L175,2025-10-02T22:52:02Z,U-1028,Desktop,Web,view_category,31
L176,2025-10-07T12:54:29Z,U-1058,Mobile,iOS,view_item,368
L177,2025-10-19T10:09:08Z,U-1027,Desktop,Web,view_category,0
L179,2025-10-10T13:34:55Z,U-1033,Other,Other,add_to_cart,555
L180,2025-10-18T01:04:06Z,U-1044,Other,Other,view_category,149
L182,2025-10-13T15:39:03Z,U-1031,Desktop,Web,view_item,0
L183,2025-10-19T00:19:30Z,U-1006,Desktop,Web,Logout,403
L184,2025-10-11T07:17:40Z,U-1012,Mobile,iOS,add_to_cart,270
L186,2025-10-12T12:05:20Z,U-1039,Other,Other,view_item,563
L187,2025-10-04T12:20:13Z,U-1029,Mobile,iOS,view_item,236
L188,2025-10-10T19:43:56Z,U-1061,Mobile,Android,purchase,507
L189,2025-10-06T22:12:58Z,U-1012,Mobile,iOS,view_category,356
L190,2025-10-02T12:12:24Z,U-1034,Desktop,Web,purchase,361
L191,2025-10-01T14:59:37Z,U-1022,Mobile,Android,search,585
L197,2025-10-14T05:36:02Z,U-1051,Mobile,Android,add_to_cart,0
L198,2025-10-01T03:16:11Z,U-1025,Desktop,Web,Logout,474
L199,2025-10-16T05:52:15Z,U-1002,Mobile,iOS,add_to_cart,523
L201,2025-10-03T07:38:17Z,U-1028,Desktop,Web,add_to_cart,161
L202,2025-10-14T15:06:02Z,U-1033,Desktop,Web,search,54
L204,2025-10-17T17:53:58Z,U-1046,Mobile,iOS,purchase,253
L205,2025-10-01T03:24:44Z,U-1047,Mobile,Android,background_sync,345
L207,2025-10-13T00:21:03Z,U-1058,Desktop,Web,Logout,0
L208,2025-10-01T03:38:29Z,U-1004,Mobile,iOS,view_item,175
L209,2025-10-20T00:42:34Z,U-1023,Other,Other,add_to_cart,510
L211,2025-10-15T07:29:31Z,U-1042,Mobile,Android,view_category,264
L213,2025-10-20T09:59:52Z,U-1046,Other,Other,Logout,10
L214,2025-10-14T17:39:10Z,U-1007,Mobile,Android,Login,125
L215,2025-10-11T17:48:33Z,U-1004,Other,Other,background_sync,157
L216,2025-10-16T05:33:35Z,U-1057,Desktop,Web,search,492
L217,2025-10-14T09:10:06Z,U-1077,Mobile,Android,view_item,117
L218,2025-10-17T14:01:12Z,U-1003,Mobile,iOS,purchase,597
L220,2025-10-07T23:18:31Z,U-1008,Desktop,Web,search,415
L222,2025-10-15T21:34:06Z,U-1049,Desktop,Web,search,229
L224,2025-10-08T00:20:54Z,U-1041,Mobile,iOS,view_item,477
L226,2025-10-08T15:38:06Z,U-1030,Mobile,iOS,view_category,293
L227,2025-10-08T14:00:42Z,U-1043,Desktop,Web,purchase,77
L228,2025-10-15T11:42:20Z,U-1005,Other,Other,view_item,412
L229,2025-10-01T06:50:14Z,U-1065,Mobile,Android,purchase,558
L230,2025-10-06T08:24:35Z,U-1052,Mobile,iOS,Login,314
L231,2025-10-07T20:16:06Z,U-1075,Mobile,iOS,Login,206
L232,2025-10-20T10:57:35Z,U-1032,Mobile,Android,Logout,284
L233,2025-10-06T12:28:23Z,U-1030,Desktop,Web,Login,322
L235,2025-10-19T19:35:25Z,U-1009,Other,Other,Logout,136
L236,2025-10-05T06:09:15Z,U-1035,Desktop,Web,add_to_cart,512
L237,2025-10-18T01:16:20Z,U-1005,Desktop,Web,Login,571
L238,2025-10-05T09:11:54Z,U-1012,Mobile,Android,view_category,168
L239,2025-10-13T05:50:11Z,U-1043,Mobile,iOS,add_to_cart,403
L242,2025-10-18T18:23:22Z,U-1023,Mobile,iOS,add_to_cart,407
L244,2025-10-08T13:47:16Z,U-1015,Mobile,iOS,Logout,156
L247,2025-10-16T07:20:15Z,U-1053,Mobile,Android,view_item,203
L248,2025-10-04T01:50:17Z,U-1017,Other,Other,Login,179
L249,2025-10-17T17:02:25Z,U-1045,Other,Other,search,0
L250,2025-10-17T11:32:43Z,U-1004,Mobile,Android,search,506
L251,2025-10-20T04:28:30Z,U-1030,Mobile,Android,Logout,537
L252,2025-10-04T21:37:44Z,U-1069,Mobile,iOS,add_to_cart,0
L253,2025-10-18T19:58:13Z,U-1041,Mobile,iOS,Login,326
L254,2025-10-17T06:59:20Z,U-1026,Mobile,iOS,add_to_cart,543
L255,2025-10-04T00:59:40Z,U-1072,Desktop,Web,Logout,415
L256,2025-10-10T04:29:48Z,U-1036,Desktop,Web,search,316
L257,2025-10-07T13:57:35Z,U-1025,Desktop,Web,view_category,332
L260,2025-10-20T17:04:18Z,U-1012,Desktop,Web,view_item,42
L262,2025-10-09T00:54:23Z,U-1039,Mobile,iOS,background_sync,208
L263,2025-10-02T05:27:13Z,U-1029,Mobile,Android,Login,19
L266,2025-10-06T08:52:29Z,U-1014,Other,Other,Login,0
L268,2025-10-01T15:39:10Z,U-1074,Mobile,Android,view_item,462
L269,2025-10-08T08:27:12Z,U-1001,Desktop,Web,view_item,328
L270,2025-10-15T03:06:33Z,U-1077,Desktop,Web,view_category,0
L272,2025-10-15T19:38:40Z,U-1038,Mobile,iOS,purchase,130
L274,2025-10-13T00:56:50Z,U-1027,Mobile,Android,Logout,74
L275,2025-10-09T11:51:39Z,U-1009,Mobile,iOS,Login,554
L276,2025-10-19T23:20:54Z,U-1005,Mobile,iOS,view_item,48
L278,2025-10-13T13:57:52Z,U-1040,Mobile,iOS,Logout,130
L280,2025-10-06T02:02:20Z,U-1003,Mobile,Android,Login,45
L281,2025-10-06T05:19:38Z,U-1002,Mobile,iOS,search,339
L282,2025-10-10T03:36:02Z,U-1053,Mobile,iOS,view_item,87
L283,2025-10-13T03:48:05Z,U-1076,Desktop,Web,purchase,92
L285,2025-10-03T19:09:18Z,U-1007,Mobile,Android,Login,153
L287,2025-10-12T19:47:00Z,U-1030,Mobile,Android,Login,0
L288,2025-10-05T15:28:23Z,U-1060,Desktop,Web,add_to_cart,77
L290,2025-10-06T12:49:05Z,U-1042,Mobile,Android,Logout,0
L291,2025-10-11T05:55:28Z,U-1043,Other,Other,search,405
L292,2025-10-02T06:17:32Z,U-1002,Mobile,iOS,search,300
L294,2025-10-20T15:26:43Z,U-1046,Mobile,iOS,view_category,550
L295,2025-10-04T18:21:49Z,U-1061,Mobile,iOS,view_item,0
L296,2025-10-02T13:31:38Z,U-1007,Mobile,Android,Login,566
L297,2025-10-12T05:50:06Z,U-1003,Desktop,Web,view_category,156
L300,2025-10-01T05:58:53Z,U-1024,Other,Other,Login,0
L301,2025-10-17T23:19:47Z,U-1054,Mobile,Android,background_sync,112
L302,2025-10-06T02:17:20Z,U-1007,Mobile,Android,view_category,0
L304,2025-10-15T18:42:35Z,U-1024,Desktop,Web,search,573
L306,2025-10-05T02:15:46Z,U-1026,Mobile,Android,purchase,600
L307,2025-10-20T21:48:09Z,U-1049,Mobile,Android,view_category,343
L308,2025-10-09T18:57:01Z,U-1045,Mobile,iOS,add_to_cart,0
L309,2025-10-18T01:03:15Z,U-1032,Mobile,Android,purchase,413
L310,2025-10-07T22:39:00Z,U-1016,Mobile,Android,Logout,0
L314,2025-10-19T20:17:56Z,U-1003,Mobile,iOS,view_category,306
L315,2025-10-01T06:01:11Z,U-1021,Desktop,Web,add_to_cart,0
L317,2025-10-16T08:52:23Z,U-1009,Mobile,Android,add_to_cart,564
L318,2025-10-19T10:28:53Z,U-1021,Mobile,Android,purchase,168
L320,2025-10-01T16:01:39Z,U-1041,Mobile,Android,Logout,36
L321,2025-10-10T13:50:40Z,U-1025,Mobile,iOS,Login,118
L322,2025-10-02T06:50:08Z,U-1027,Mobile,Android,view_item,491
L323,2025-10-07T18:05:11Z,U-1044,Other,Other,view_item,0
L324,2025-10-04T07:43:37Z,U-1041,Desktop,Web,search,258
L328,2025-10-18T12:04:01Z,U-1003,Desktop,Web,view_category,357
L330,2025-10-16T22:31:03Z,U-1047,Mobile,iOS,search,154
L331,2025-10-07T09:05:36Z,U-1022,Mobile,Android,add_to_cart,517
L332,2025-10-16T05:41:25Z,U-1065,Mobile,iOS,Logout,423
L333,2025-10-10T04:13:11Z,U-1021,Mobile,iOS,view_category,92
L334,2025-10-16T10:50:05Z,U-1033,Desktop,Web,search,305
L335,2025-10-03T04:02:10Z,U-1037,Mobile,Android,view_item,484
L337,2025-10-10T12:27:37Z,U-1020,Mobile,iOS,search,136
L339,2025-10-20T22:31:21Z,U-1044,Mobile,Android,Logout,313
L342,2025-10-01T01:18:32Z,U-1070,Mobile,Android,view_category,247
L343,2025-10-06T08:20:25Z,U-1007,Other,Other,purchase,167
L344,2025-10-14T07:12:38Z,U-1016,Mobile,iOS,view_category,206
L345,2025-10-07T23:49:46Z,U-1030,Mobile,iOS,add_to_cart,345
L347,2025-10-20T15:37:07Z,U-1073,Mobile,Android,view_category,189
L348,2025-10-13T21:34:52Z,U-1030,Mobile,iOS,Logout,420
L349,2025-10-08T22:47:23Z,U-1078,Desktop,Web,purchase,72
L353,2025-10-05T08:16:31Z,U-1007,Mobile,iOS,purchase,574
L354,2025-10-09T08:02:48Z,U-1022,Mobile,iOS,add_to_cart,597
L355,2025-10-14T01:45:25Z,U-1034,Mobile,Android,search,539
L356,2025-10-01T09:48:16Z,U-1044,Mobile,iOS,view_category,584
L357,2025-10-16T07:14:42Z,U-1043,Mobile,iOS,search,0
L358,2025-10-17T06:20:11Z,U-1013,Mobile,Android,view_item,119
L360,2025-10-14T04:24:18Z,U-1015,Mobile,iOS,view_item,0
L361,2025-10-20T16:19:52Z,U-1025,Mobile,iOS,Login,131
L363,2025-10-14T03:59:39Z,U-1006,Mobile,iOS,view_category,222
L364,2025-10-16T08:12:42Z,U-1011,Desktop,Web,background_sync,76
L366,2025-10-11T06:31:12Z,U-1049,Mobile,iOS,add_to_cart,319
L367,2025-10-07T01:53:59Z,U-1066,Desktop,Web,background_sync,117
L368,2025-10-16T05:46:05Z,U-1047,Mobile,Android,purchase,133
L369,2025-10-05T08:46:17Z,U-1005,Mobile,iOS,view_item,0
L370,2025-10-01T19:57:40Z,U-1029,Desktop,Web,view_category,587
L371,2025-10-20T12:27:11Z,U-1002,Mobile,iOS,purchase,316
L375,2025-10-11T20:53:56Z,U-1024,Mobile,Android,search,505
L376,2025-10-10T21:52:28Z,U-1025,Mobile,iOS,search,575
L377,2025-10-17T18:03:39Z,U-1052,Mobile,Android,view_item,548
L378,2025-10-02T00:05:53Z,U-1014,Desktop,Web,view_category,0
L379,2025-10-20T13:45:28Z,U-1028,Mobile,Android,view_category,0
L380,2025-10-16T18:36:28Z,U-1046,Mobile,iOS,search,0
L381,2025-10-01T09:08:05Z,U-1001,Mobile,Android,purchase,0
L383,2025-10-01T01:08:39Z,U-1010,Mobile,iOS,search,0
L387,2025-10-13T20:05:54Z,U-1049,Mobile,Android,add_to_cart,240
L389,2025-10-14T00:50:57Z,U-1012,Mobile,Android,Login,151
L390,2025-10-13T06:50:49Z,U-1031,Mobile,iOS,search,47
L391,2025-10-13T05:05:28Z,U-1040,Mobile,iOS,Logout,0
L392,2025-10-01T16:34:52Z,U-1025,Mobile,iOS,view_category,40
L394,2025-10-01T14:32:20Z,U-1015,Other,Other,search,402
L395,2025-10-11T10:52:32Z,U-1024,Mobile,iOS,search,320
L396,2025-10-04T14:18:10Z,U-1021,Mobile,iOS,view_category,99
L397,2025-10-07T08:43:16Z,U-1018,Mobile,Android,Login,395
L398,2025-10-02T14:45:46Z,U-1037,Desktop,Web,purchase,12
L400,2025-10-03T08:57:39Z,U-1005,Mobile,iOS,add_to_cart,317
L401,2025-10-09T14:49:20Z,U-1023,Mobile,iOS,Logout,178
L402,2025-10-13T04:18:15Z,U-1015,Mobile,Android,view_item,0
L403,2025-10-11T03:22:14Z,U-1034,Mobile,Android,Login,141
L405,2025-10-08T13:27:20Z,U-1037,Mobile,Android,search,324
L407,2025-10-19T05:17:03Z,U-1014,Desktop,Web,add_to_cart,197
L408,2025-10-11T17:48:38Z,U-1030,Mobile,Android,view_item,538
L410,2025-10-12T15:19:03Z,U-1027,Mobile,iOS,view_category,453
L411,2025-10-19T17:34:46Z,U-1047,Mobile,Android,view_item,0
L412,2025-10-20T05:17:15Z,U-1026,Other,Other,Login,0
L413,2025-10-15T12:15:43Z,U-1022,Mobile,iOS,purchase,0
L414,2025-10-15T18:38:27Z,U-1017,Desktop,Web,search,231
L415,2025-10-09T21:06:43Z,U-1007,Mobile,iOS,add_to_cart,415
L417,2025-10-15T04:38:16Z,U-1035,Mobile,iOS,purchase,44
L418,2025-10-08T18:40:50Z,U-1071,Mobile,Android,background_sync,164
L419,2025-10-10T08:10:34Z,U-1019,Mobile,Android,purchase,135
L420,2025-10-07T22:20:23Z,U-1033,Mobile,iOS,view_item,125
L421,2025-10-03T02:38:33Z,U-1043,Mobile,Android,add_to_cart,0
L422,2025-10-16T13:55:20Z,U-1005,Desktop,Web,view_item,101
L425,2025-10-16T06:26:39Z,U-1056,Mobile,Android,search,19
L426,2025-10-11T20:33:47Z,U-1020,Mobile,iOS,purchase,0
L427,2025-10-06T08:53:10Z,U-1000,Mobile,iOS,Login,299
L428,2025-10-01T14:39:25Z,U-1054,Other,Other,search,243
L429,2025-10-02T09:58:29Z,U-1024,Mobile,Android,search,159
L430,2025-10-09T23:20:46Z,U-1025,Mobile,iOS,add_to_cart,571
L431,2025-10-11T00:10:06Z,U-1076,Mobile,Android,search,0
L432,2025-10-02T17:37:22Z,U-1027,Mobile,Android,Login,0
L434,2025-10-13T14:37:23Z,U-1062,Mobile,iOS,search,411
L435,2025-10-02T14:44:38Z,U-1009,Mobile,iOS,search,561
L437,2025-10-04T15:53:03Z,U-1064,Other,Other,view_item,462
L438,2025-10-13T19:58:38Z,U-1036,Mobile,iOS,purchase,148
L440,2025-10-07T09:42:35Z,U-1015,Desktop,Web,purchase,259
L442,2025-10-20T08:44:35Z,U-1006,Mobile,iOS,Logout,460
L443,2025-10-07T12:48:04Z,U-1020,Mobile,Android,view_item,0
L444,2025-10-06T02:52:34Z,U-1032,Mobile,iOS,view_item,129
L445,2025-10-02T10:03:55Z,U-1050,Desktop,Web,Logout,599
L446,2025-10-02T16:30:19Z,U-1020,Other,Other,purchase,168
L448,2025-10-11T21:37:00Z,U-1007,Desktop,Web,background_sync,277
L449,2025-10-08T20:15:24Z,U-1045,Mobile,Android,search,431
L450,2025-10-10T04:31:40Z,U-1006,Mobile,Android,Login,561
L451,2025-10-17T15:22:36Z,U-1045,Mobile,iOS,view_category,44
L452,2025-10-01T20:57:44Z,U-1061,Mobile,Android,view_category,0
L453,2025-10-04T09:38:02Z,U-1032,Desktop,Web,background_sync,26
L454,2025-10-12T16:15:07Z,U-1047,Mobile,Android,view_item,159
L455,2025-10-17T12:04:52Z,U-1043,Mobile,iOS,Login,338
L457,2025-10-03T12:40:44Z,U-1035,Mobile,iOS,view_category,467
L460,2025-10-20T11:11:49Z,U-1010,Mobile,Android,add_to_cart,0
L462,2025-10-17T08:03:42Z,U-1028,Mobile,Android,view_category,0
L463,2025-10-03T02:06:48Z,U-1035,Mobile,iOS,Login,0
L465,2025-10-16T04:00:57Z,U-1046,Mobile,Android,view_category,572
L466,2025-10-03T03:25:36Z,U-1024,Mobile,Android,add_to_cart,31
L467,2025-10-18T17:25:51Z,U-1032,Other,Other,search,392
L468,2025-10-17T09:50:49Z,U-1042,Desktop,Web,background_sync,512
L470,2025-10-15T17:41:35Z,U-1023,Other,Other,purchase,333
L472,2025-10-13T15:55:08Z,U-1016,Mobile,Android,Logout,569
L473,2025-10-02T21:26:49Z,U-1002,Other,Other,Login,128
L474,2025-10-07T10:38:42Z,U-1052,Desktop,Web,Logout,51
L475,2025-10-06T01:58:20Z,U-1049,Mobile,Android,search,261
L476,2025-10-05T04:26:02Z,U-1009,Desktop,Web,view_item,258
L477,2025-10-11T02:11:00Z,U-1033,Mobile,Android,search,138
L479,2025-10-08T22:38:10Z,U-1063,Mobile,Android,add_to_cart,89
L480,2025-10-17T22:40:25Z,U-1042,Desktop,Web,Logout,227
L481,2025-10-07T14:20:32Z,U-1016,Mobile,iOS,background_sync,538
L482,2025-10-10T11:56:32Z,U-1012,Mobile,iOS,view_category,483
L484,2025-10-19T22:32:31Z,U-1031,Mobile,Android,Login,265
L485,2025-10-08T07:20:36Z,U-1047,Mobile,iOS,background_sync,170
L486,2025-10-10T04:00:03Z,U-1028,Mobile,iOS,Login,386
L489,2025-10-12T01:45:43Z,U-1033,Desktop,Web,search,334
L490,2025-10-13T02:10:44Z,U-1047,Desktop,Web,add_to_cart,187
L491,2025-10-05T01:06:01Z,U-1019,Desktop,Web,view_category,53
L493,2025-10-07T01:12:01Z,U-1060,Mobile,Android,view_item,191
L494,2025-10-17T15:25:52Z,U-1044,Other,Other,Logout,339
L495,2025-10-17T23:51:45Z,U-1003,Mobile,iOS,view_category,89
L498,2025-10-01T07:42:44Z,U-1034,Other,Other,Login,236
L499,2025-10-12T21:50:54Z,U-1018,Desktop,Web,view_item,527
L501,2025-10-01T03:53:16Z,U-1048,Desktop,Web,add_to_cart,0
L502,2025-10-04T17:32:04Z,U-1030,Mobile,iOS,view_item,302
L503,2025-10-16T05:08:00Z,U-1000,Mobile,iOS,search,30
L504,2025-10-10T07:37:29Z,U-1023,Mobile,Android,Login,313
L505,2025-10-05T03:19:26Z,U-1023,Mobile,iOS,add_to_cart,258
L507,2025-10-16T12:37:30Z,U-1045,Mobile,Android,search,81
L509,2025-10-02T21:20:00Z,U-1000,Mobile,Android,search,176
L510,2025-10-13T00:05:38Z,U-1049,Mobile,Android,Login,0
L512,2025-10-08T06:06:11Z,U-1023,Mobile,Android,Login,229
L514,2025-10-04T17:13:16Z,U-1079,Mobile,Android,search,488
L515,2025-10-01T03:29:10Z,U-1048,Desktop,Web,purchase,149
L517,2025-10-16T00:32:39Z,U-1007,Mobile,Android,Login,348
L518,2025-10-20T08:27:25Z,U-1071,Other,Other,view_item,0
L519,2025-10-01T01:52:23Z,U-1009,Mobile,Android,add_to_cart,199
L520,2025-10-01T11:45:33Z,U-1036,Mobile,iOS,Logout,128
L521,2025-10-14T01:09:59Z,U-1021,Other,Other,add_to_cart,288
L522,2025-10-13T05:15:58Z,U-1019,Mobile,iOS,search,412
L523,2025-10-15T02:07:29Z,U-1010,Mobile,iOS,view_item,203
L524,2025-10-19T23:11:38Z,U-1042,Mobile,iOS,purchase,22
L525,2025-10-20T15:19:22Z,U-1068,Other,Other,Logout,194
L526,2025-10-20T10:02:36Z,U-1010,Mobile,iOS,add_to_cart,114
L527,2025-10-19T22:25:26Z,U-1028,Desktop,Web,add_to_cart,0
L528,2025-10-17T07:56:01Z,U-1080,Mobile,Android,add_to_cart,20
L530,2025-10-14T05:44:17Z,U-1002,Mobile,iOS,Login,418
L532,2025-10-08T11:27:06Z,U-1073,Mobile,Android,add_to_cart,408
L533,2025-10-12T10:10:34Z,U-1022,Mobile,Android,view_category,149
L534,2025-10-16T19:29:53Z,U-1026,Mobile,iOS,Logout,292
L535,2025-10-09T11:41:44Z,U-1055,Mobile,iOS,view_category,52
L536,2025-10-20T16:57:42Z,U-1007,Mobile,iOS,Logout,106
L537,2025-10-16T01:13:02Z,U-1001,Other,Other,Logout,0
L538,2025-10-02T16:27:46Z,U-1050,Mobile,iOS,purchase,315
L539,2025-10-06T12:45:00Z,U-1035,Mobile,iOS,purchase,0
L540,2025-10-11T17:26:21Z,U-1008,Mobile,Android,view_category,502
L541,2025-10-10T02:55:40Z,U-1005,Other,Other,view_category,511
L542,2025-10-06T22:13:58Z,U-1074,Mobile,iOS,add_to_cart,296
L543,2025-10-01T17:32:30Z,U-1050,Desktop,Web,view_category,159
L545,2025-10-14T20:21:11Z,U-1018,Mobile,Android,Logout,525
L546,2025-10-02T19:02:50Z,U-1024,Other,Other,purchase,509
L547,2025-10-08T16:10:21Z,U-1047,Mobile,Android,view_category,248
L548,2025-10-19T06:54:17Z,U-1013,Desktop,Web,Logout,492
L549,2025-10-19T08:07:12Z,U-1059,Mobile,Android,search,461
L550,2025-10-05T11:31:13Z,U-1047,Mobile,iOS,view_item,402
L552,2025-10-19T00:33:34Z,U-1050,Mobile,iOS,purchase,209
L553,2025-10-20T03:17:20Z,U-1043,Desktop,Web,Logout,468
L554,2025-10-08T19:40:46Z,U-1020,Mobile,Android,view_item,190
L555,2025-10-06T13:33:04Z,U-1020,Mobile,Android,view_item,422
L557,2025-10-10T11:38:24Z,U-1003,Desktop,Web,add_to_cart,320
L560,2025-10-07T23:03:23Z,U-1037,Desktop,Web,background_sync,155
L561,2025-10-20T00:06:50Z,U-1048,Desktop,Web,view_category,578
L562,2025-10-11T15:32:25Z,U-1027,Mobile,iOS,add_to_cart,330
L563,2025-10-07T10:45:50Z,U-1069,Desktop,Web,view_item,0
L565,2025-10-16T23:25:31Z,U-1032,Mobile,Android,view_item,0
L566,2025-10-18T21:02:03Z,U-1063,Desktop,Web,view_category,360
L568,2025-10-11T10:49:38Z,U-1039,Mobile,iOS,view_item,220
L569,2025-10-16T20:28:03Z,U-1047,Desktop,Web,purchase,570
L570,2025-10-07T16:51:09Z,U-1041,Mobile,Android,Logout,364
L571,2025-10-11T23:15:30Z,U-1076,Mobile,Android,Logout,0
L572,2025-10-08T02:18:57Z,U-1053,Mobile,Android,view_category,0
L573,2025-10-08T17:39:20Z,U-1027,Desktop,Web,background_sync,324
L574,2025-10-14T11:07:37Z,U-1032,Desktop,Web,view_item,557
L575,2025-10-04T17:57:53Z,U-1062,Mobile,Android,add_to_cart,34
L579,2025-10-16T02:00:43Z,U-1050,Desktop,Web,Login,32
L580,2025-10-17T16:58:42Z,U-1039,Mobile,iOS,view_category,46
L582,2025-10-02T05:43:58Z,U-1044,Desktop,Web,add_to_cart,31
L585,2025-10-20T11:23:05Z,U-1007,Mobile,Android,add_to_cart,497
L586,2025-10-09T18:22:48Z,U-1048,Mobile,Android,purchase,358
L587,2025-10-19T12:48:51Z,U-1017,Mobile,iOS,view_category,0
L588,2025-10-16T22:48:11Z,U-1049,Desktop,Web,Login,118
L589,2025-10-18T05:48:58Z,U-1048,Mobile,Android,Login,307
L590,2025-10-04T02:45:30Z,U-1022,Other,Other,view_category,323
L591,2025-10-04T13:37:46Z,U-1031,Mobile,iOS,add_to_cart,0
L592,2025-10-13T03:23:24Z,U-1006,Desktop,Web,view_category,328
L593,2025-10-08T15:07:15Z,U-1039,Mobile,Android,add_to_cart,568
L594,2025-10-06T11:52:01Z,U-1014,Mobile,Android,Login,527
L595,2025-10-07T20:12:48Z,U-1009,Other,Other,view_item,592
L596,2025-10-16T09:00:51Z,U-1069,Mobile,iOS,Login,0
L598,2025-10-18T20:36:55Z,U-1017,Desktop,Web,Login,491
L600,2025-10-15T05:37:18Z,U-1000,Desktop,Web,add_to_cart,492
L601,2025-10-10T20:30:48Z,U-1024,Mobile,Android,search,0
L602,2025-10-14T16:06:27Z,U-1002,Desktop,Web,view_item,0
L603,2025-10-06T19:50:52Z,U-1045,Mobile,iOS,purchase,0
L604,2025-10-19T13:22:00Z,U-1045,Desktop,Web,purchase,190
L606,2025-10-20T20:38:37Z,U-1028,Mobile,Android,Logout,542
L608,2025-10-03T16:07:58Z,U-1074,Mobile,Android,add_to_cart,0
L610,2025-10-17T14:42:05Z,U-1007,Desktop,Web,Logout,62
L611,2025-10-03T10:00:58Z,U-1058,Mobile,iOS,Logout,575
L613,2025-10-17T09:29:29Z,U-1007,Mobile,iOS,view_item,0
L614,2025-10-11T14:08:43Z,U-1003,Mobile,iOS,Login,325
L615,2025-10-17T08:38:11Z,U-1055,Other,Other,view_item,245
L617,2025-10-20T22:49:55Z,U-1000,Mobile,Android,search,38
L618,2025-10-04T00:56:51Z,U-1063,Other,Other,Login,292
L619,2025-10-10T15:05:25Z,U-1078,Mobile,Android,search,563
L620,2025-10-16T18:45:32Z,U-1009,Mobile,iOS,Logout,357
L621,2025-10-05T18:56:45Z,U-1033,Desktop,Web,Logout,311
L622,2025-10-04T00:44:15Z,U-1042,Desktop,Web,Logout,139
L624,2025-10-09T13:04:42Z,U-1035,Mobile,iOS,Logout,0
L625,2025-10-08T13:14:03Z,U-1009,Mobile,iOS,view_item,0
L626,2025-10-02T14:21:00Z,U-1009,Mobile,Android,view_item,447
L627,2025-10-18T01:18:36Z,U-1036,Desktop,Web,Login,0
L628,2025-10-11T01:36:42Z,U-1024,Other,Other,search,146
L629,2025-10-15T22:15:06Z,U-1018,Mobile,Android,Login,0
L630,2025-10-07T00:00:59Z,U-1031,Desktop,Web,view_category,358
L631,2025-10-12T16:56:05Z,U-1026,Desktop,Web,purchase,267
L632,2025-10-15T08:57:56Z,U-1047,Mobile,iOS,search,0
L635,2025-10-07T15:09:18Z,U-1030,Mobile,iOS,Logout,91
L636,2025-10-13T06:11:16Z,U-1006,Desktop,Web,purchase,314
L639,2025-10-07T00:54:04Z,U-1021,Mobile,Android,add_to_cart,39
L641,2025-10-14T11:21:17Z,U-1007,Mobile,Android,Logout,496
L642,2025-10-20T18:28:16Z,U-1014,Mobile,iOS,add_to_cart,350
L643,2025-10-01T22:04:31Z,U-1043,Mobile,Android,view_category,276
L645,2025-10-09T19:18:45Z,U-1076,Desktop,Web,add_to_cart,0
L646,2025-10-03T04:42:57Z,U-1050,Mobile,iOS,background_sync,483
L647,2025-10-10T22:48:38Z,U-1011,Mobile,Android,search,178
L649,2025-10-08T07:56:42Z,U-1007,Mobile,Android,purchase,187
L652,2025-10-16T03:51:05Z,U-1029,Other,Other,view_item,28
L653,2025-10-09T11:10:50Z,U-1012,Mobile,Android,view_category,179
L654,2025-10-09T10:00:15Z,U-1031,Mobile,iOS,Logout,311
L656,2025-10-04T07:33:41Z,U-1076,Mobile,Android,add_to_cart,471
L657,2025-10-13T07:01:09Z,U-1032,Mobile,Android,background_sync,147
L659,2025-10-08T20:18:27Z,U-1055,Mobile,Android,add_to_cart,177
L662,2025-10-12T12:58:37Z,U-1065,Mobile,iOS,add_to_cart,474
L663,2025-10-05T08:18:46Z,U-1033,Mobile,iOS,Logout,150
L664,2025-10-04T03:12:55Z,U-1025,Mobile,iOS,view_item,102
L667,2025-10-03T23:10:35Z,U-1021,Other,Other,view_category,82
L668,2025-10-06T11:34:56Z,U-1056,Mobile,iOS,add_to_cart,569
L669,2025-10-03T02:57:25Z,U-1036,Mobile,iOS,purchase,170
L672,2025-10-09T15:25:06Z,U-1045,Mobile,Android,purchase,514
L673,2025-10-07T06:17:56Z,U-1011,Mobile,Android,Logout,268
L676,2025-10-20T23:01:40Z,U-1022,Mobile,iOS,view_category,300
L677,2025-10-20T02:07:55Z,U-1035,Mobile,Android,view_category,455
L678,2025-10-03T20:38:14Z,U-1049,Other,Other,add_to_cart,145
L680,2025-10-09T07:03:00Z,U-1040,Mobile,iOS,search,209
L681,2025-10-05T07:38:36Z,U-1041,Mobile,Android,add_to_cart,413
L683,2025-10-17T22:09:31Z,U-1024,Desktop,Web,view_category,532
L684,2025-10-20T14:03:29Z,U-1018,Desktop,Web,add_to_cart,404
L685,2025-10-03T16:40:09Z,U-1002,Other,Other,view_category,518
L686,2025-10-08T08:18:05Z,U-1022,Mobile,iOS,add_to_cart,260
L687,2025-10-05T00:31:29Z,U-1063,Mobile,iOS,purchase,81
L688,2025-10-20T04:09:43Z,U-1009,Mobile,Android,Logout,390
L690,2025-10-08T13:46:24Z,U-1001,Mobile,iOS,search,184
L691,2025-10-02T03:09:48Z,U-1076,Mobile,iOS,purchase,282
L692,2025-10-17T22:22:17Z,U-1000,Other,Other,search,142
L693,2025-10-19T20:41:39Z,U-1064,Mobile,iOS,purchase,578
L694,2025-10-09T05:52:41Z,U-1070,Mobile,iOS,purchase,468
L695,2025-10-04T17:14:53Z,U-1006,Mobile,iOS,purchase,546
L696,2025-10-02T05:56:41Z,U-1065,Mobile,Android,view_category,569
L697,2025-10-04T13:37:07Z,U-1017,Other,Other,view_item,469
L700,2025-10-18T12:15:00Z,U-1023,Mobile,Android,view_category,0
L701,2025-10-10T21:06:28Z,U-1024,Mobile,Android,Logout,341
L702,2025-10-04T19:39:43Z,U-1024,Mobile,Android,search,0
L703,2025-10-11T22:12:51Z,U-1039,Mobile,iOS,Logout,539
L704,2025-10-08T01:10:44Z,U-1011,Mobile,Android,add_to_cart,16
L705,2025-10-06T22:33:59Z,U-1046,Desktop,Web,view_item,11
L706,2025-10-15T07:14:17Z,U-1068,Mobile,Android,search,403
L707,2025-10-10T06:33:23Z,U-1007,Desktop,Web,view_category,523
L709,2025-10-16T17:51:19Z,U-1076,Other,Other,Logout,476
L711,2025-10-03T16:08:35Z,U-1000,Mobile,iOS,Login,583
L713,2025-10-02T17:48:43Z,U-1007,Other,Other,purchase,589
L714,2025-10-06T12:24:03Z,U-1027,Mobile,iOS,Logout,159
L715,2025-10-20T01:06:27Z,U-1076,Other,Other,search,222
L716,2025-10-20T09:52:02Z,U-1078,Mobile,iOS,purchase,0
L717,2025-10-19T10:27:41Z,U-1039,Mobile,iOS,Logout,204
L718,2025-10-11T14:37:20Z,U-1013,Desktop,Web,background_sync,0
L719,2025-10-08T15:59:09Z,U-1028,Mobile,iOS,view_category,0
L720,2025-10-14T20:25:47Z,U-1014,Mobile,Android,purchase,102
L721,2025-10-05T18:52:39Z,U-1040,Desktop,Web,view_item,246
L722,2025-10-07T19:04:01Z,U-1047,Mobile,iOS,view_category,0
L723,2025-10-20T07:18:55Z,U-1044,Desktop,Web,Logout,202
L724,2025-10-03T23:01:54Z,U-1006,Mobile,Android,view_item,510
L726,2025-10-08T20:12:54Z,U-1035,Mobile,iOS,view_item,208
L727,2025-10-09T05:34:56Z,U-1013,Mobile,Android,purchase,50
L728,2025-10-20T18:49:46Z,U-1002,Mobile,iOS,purchase,390
L729,2025-10-19T21:26:58Z,U-1047,Desktop,Web,add_to_cart,466
L731,2025-10-01T09:29:10Z,U-1012,Mobile,iOS,view_category,401
L732,2025-10-03T05:16:42Z,U-1030,Mobile,Android,view_category,322
L733,2025-10-18T23:23:21Z,U-1014,Mobile,Android,add_to_cart,437
L736,2025-10-01T04:22:56Z,U-1041,Mobile,iOS,view_item,122
L737,2025-10-06T08:46:37Z,U-1009,Mobile,Android,search,378
L739,2025-10-12T00:08:46Z,U-1013,Mobile,Android,view_item,180
L740,2025-10-14T07:42:58Z,U-1000,Desktop,Web,search,291
L741,2025-10-05T17:19:33Z,U-1062,Mobile,iOS,view_item,348
L744,2025-10-03T04:41:27Z,U-1031,Mobile,Android,Logout,115
L745,2025-10-13T23:26:11Z,U-1035,Desktop,Web,Login,195
L746,2025-10-20T23:43:20Z,U-1016,Other,Other,purchase,290
L748,2025-10-15T06:56:13Z,U-1012,Mobile,iOS,search,522
L749,2025-10-06T11:54:52Z,U-1010,Mobile,iOS,search,161
L750,2025-10-13T15:53:22Z,U-1025,Other,Other,search,0
L751,2025-10-03T03:05:27Z,U-1006,Mobile,Android,view_category,97
L753,2025-10-13T15:13:14Z,U-1036,Mobile,Android,search,90
L754,2025-10-13T01:26:53Z,U-1021,Mobile,iOS,view_category,466
L755,2025-10-04T10:33:18Z,U-1050,Mobile,iOS,add_to_cart,134
L756,2025-10-19T17:28:25Z,U-1053,Desktop,Web,add_to_cart,126
L758,2025-10-08T06:06:58Z,U-1057,Desktop,Web,view_category,0
L760,2025-10-13T09:48:32Z,U-1048,Mobile,iOS,Login,0
L761,2025-10-03T15:41:22Z,U-1041,Mobile,iOS,view_category,0
L762,2025-10-06T18:30:01Z,U-1049,Mobile,Android,view_category,310
L763,2025-10-17T20:19:20Z,U-1015,Mobile,Android,add_to_cart,453
L764,2025-10-12T15:36:51Z,U-1049,Mobile,Android,Logout,199
L765,2025-10-02T18:31:15Z,U-1061,Mobile,iOS,search,524
L767,2025-10-05T19:06:52Z,U-1046,Mobile,iOS,Logout,300
L768,2025-10-17T14:26:03Z,U-1025,Desktop,Web,view_category,75
L769,2025-10-18T15:50:52Z,U-1024,Mobile,iOS,background_sync,162
L770,2025-10-06T22:13:48Z,U-1041,Other,Other,search,125
L771,2025-10-06T23:36:21Z,U-1034,Desktop,Web,add_to_cart,447
L772,2025-10-05T10:31:48Z,U-1067,Mobile,Android,view_item,0
L773,2025-10-19T03:04:01Z,U-1035,Other,Other,Logout,429
L774,2025-10-08T01:21:16Z,U-1041,Mobile,iOS,Logout,178
L775,2025-10-11T22:54:22Z,U-1003,Desktop,Web,purchase,556
L776,2025-10-15T16:56:48Z,U-1061,Other,Other,add_to_cart,0
L778,2025-10-09T05:19:19Z,U-1056,Mobile,iOS,purchase,511
L779,2025-10-02T18:59:20Z,U-1077,Mobile,iOS,view_item,357
L780,2025-10-18T22:28:06Z,U-1049,Mobile,iOS,background_sync,171
L781,2025-10-02T09:27:26Z,U-1071,Desktop,Web,Logout,256
L782,2025-10-14T08:57:31Z,U-1009,Mobile,iOS,Logout,141
L783,2025-10-11T17:11:58Z,U-1003,Mobile,iOS,Logout,485
L784,2025-10-20T19:04:34Z,U-1020,Desktop,Web,Login,121
L785,2025-10-11T15:29:20Z,U-1018,Desktop,Web,view_item,129
L786,2025-10-11T08:00:07Z,U-1043,Desktop,Web,purchase,152
L787,2025-10-08T19:08:07Z,U-1050,Desktop,Web,purchase,0
L788,2025-10-19T20:23:43Z,U-1023,Mobile,Android,Login,0
L789,2025-10-20T23:32:52Z,U-1025,Desktop,Web,Logout,345
L791,2025-10-18T19:36:38Z,U-1041,Mobile,Android,view_category,0
L792,2025-10-18T04:46:07Z,U-1054,Desktop,Web,view_category,0
L793,2025-10-03T18:13:24Z,U-1030,Mobile,Android,view_item,162
L794,2025-10-05T07:21:21Z,U-1046,Mobile,iOS,view_category,521
L795,2025-10-10T04:30:46Z,U-1046,Mobile,Android,view_category,496
L796,2025-10-01T02:03:08Z,U-1019,Mobile,iOS,view_category,506
L798,2025-10-20T14:25:06Z,U-1024,Mobile,iOS,Login,472
L800,2025-10-17T21:57:30Z,U-1066,Desktop,Web,view_item,345
L802,2025-10-04T19:31:30Z,U-1027,Other,Other,view_item,564
L804,2025-10-07T01:03:27Z,U-1046,Mobile,iOS,view_category,140
L805,2025-10-01T19:10:18Z,U-1002,Desktop,Web,purchase,75
L806,2025-10-03T08:27:52Z,U-1020,Desktop,Web,view_category,0
L808,2025-10-14T11:55:34Z,U-1027,Mobile,Android,purchase,0
L809,2025-10-20T13:33:44Z,U-1006,Mobile,iOS,view_item,547
L810,2025-10-12T19:52:51Z,U-1052,Mobile,iOS,Login,312
L811,2025-10-15T02:57:23Z,U-1024,Mobile,Android,view_category,17
L812,2025-10-17T12:41:44Z,U-1015,Mobile,iOS,purchase,531
L815,2025-10-20T17:05:17Z,U-1041,Mobile,iOS,background_sync,331
L817,2025-10-19T04:55:41Z,U-1003,Mobile,Android,view_category,24
L819,2025-10-20T16:23:20Z,U-1026,Mobile,iOS,view_item,0
L820,2025-10-09T09:28:48Z,U-1046,Desktop,Web,view_item,0
L821,2025-10-13T14:55:33Z,U-1049,Mobile,iOS,view_category,333
L823,2025-10-09T19:52:20Z,U-1025,Mobile,iOS,Login,206
L824,2025-10-19T21:59:32Z,U-1022,Mobile,iOS,purchase,542
L826,2025-10-09T11:23:35Z,U-1041,Desktop,Web,search,464
L827,2025-10-05T20:07:15Z,U-1046,Mobile,Android,Login,463
L828,2025-10-07T02:00:56Z,U-1047,Mobile,Android,add_to_cart,236
L829,2025-10-01T15:09:56Z,U-1018,Mobile,iOS,view_category,546
L830,2025-10-04T21:19:39Z,U-1015,Mobile,Android,search,44
L831,2025-10-20T18:08:45Z,U-1030,Mobile,iOS,view_category,0
L832,2025-10-16T08:43:37Z,U-1038,Mobile,iOS,add_to_cart,265
L833,2025-10-17T18:18:17Z,U-1012,Mobile,iOS,add_to_cart,0
L837,2025-10-20T06:47:14Z,U-1027,Desktop,Web,add_to_cart,256
L840,2025-10-17T22:07:22Z,U-1062,Mobile,iOS,purchase,0
L845,2025-10-12T19:05:58Z,U-1016,Mobile,iOS,purchase,0
L847,2025-10-17T11:17:40Z,U-1024,Mobile,iOS,view_item,268
L848,2025-10-10T14:13:06Z,U-1042,Mobile,Android,add_to_cart,449
L849,2025-10-19T00:58:04Z,U-1039,Mobile,iOS,search,595
L850,2025-10-13T10:27:32Z,U-1071,Other,Other,Logout,528
L851,2025-10-06T08:14:17Z,U-1079,Mobile,iOS,view_category,110
L852,2025-10-13T06:12:35Z,U-1032,Mobile,Android,purchase,51
L853,2025-10-20T15:06:16Z,U-1031,Other,Other,search,509
L855,2025-10-07T05:11:29Z,U-1060,Mobile,iOS,add_to_cart,345
L856,2025-10-04T06:33:36Z,U-1036,Mobile,iOS,add_to_cart,533
L857,2025-10-17T17:06:30Z,U-1031,Mobile,iOS,add_to_cart,458
L858,2025-10-17T09:05:58Z,U-1048,Mobile,iOS,view_category,276
L859,2025-10-10T10:39:20Z,U-1016,Mobile,iOS,purchase,170
L861,2025-10-12T05:18:37Z,U-1000,Mobile,iOS,search,0
L862,2025-10-20T06:05:18Z,U-1015,Desktop,Web,purchase,58
L863,2025-10-07T15:08:13Z,U-1063,Desktop,Web,Login,472
L864,2025-10-05T11:22:02Z,U-1004,Desktop,Web,Logout,147
L866,2025-10-04T22:01:03Z,U-1025,Mobile,iOS,view_category,182
L867,2025-10-06T20:21:49Z,U-1042,Desktop,Web,view_item,420
L869,2025-10-01T03:48:54Z,U-1042,Other,Other,Login,0
L870,2025-10-17T11:19:51Z,U-1012,Desktop,Web,Login,185
L872,2025-10-11T07:00:43Z,U-1047,Desktop,Web,purchase,0
L873,2025-10-20T04:52:03Z,U-1005,Mobile,Android,view_item,47
L874,2025-10-19T15:38:41Z,U-1025,Mobile,iOS,purchase,0
L876,2025-10-10T19:13:59Z,U-1047,Mobile,Android,view_item,152
L878,2025-10-19T05:54:17Z,U-1018,Desktop,Web,background_sync,493
L879,2025-10-19T14:05:13Z,U-1010,Mobile,iOS,view_item,0
L881,2025-10-19T08:44:25Z,U-1049,Mobile,Android,view_item,35
L883,2025-10-15T21:43:32Z,U-1065,Mobile,Android,add_to_cart,594
L885,2025-10-03T07:45:59Z,U-1034,Desktop,Web,add_to_cart,41
L886,2025-10-03T15:02:56Z,U-1063,Desktop,Web,purchase,146
L887,2025-10-13T16:21:07Z,U-1028,Desktop,Web,Logout,475
L888,2025-10-20T00:40:17Z,U-1017,Mobile,Android,Logout,287
L890,2025-10-03T23:53:03Z,U-1042,Desktop,Web,add_to_cart,418
L892,2025-10-05T10:27:55Z,U-1008,Mobile,Android,view_category,294
L894,2025-10-12T01:13:14Z,U-1014,Mobile,iOS,purchase,0
L896,2025-10-10T22:55:21Z,U-1056,Mobile,iOS,Logout,569
L899,2025-10-16T06:25:49Z,U-1035,Mobile,iOS,search,410
L901,2025-10-10T13:49:57Z,U-1034,Mobile,Android,Logout,0
L902,2025-10-07T11:24:07Z,U-1021,Desktop,Web,Logout,0
L904,2025-10-04T11:19:19Z,U-1005,Mobile,Android,purchase,145
L905,2025-10-09T11:34:49Z,U-1079,Mobile,Android,search,258
L906,2025-10-17T03:15:58Z,U-1079,Mobile,Android,Login,140
L907,2025-10-01T16:04:08Z,U-1018,Mobile,iOS,purchase,55
L908,2025-10-10T22:56:33Z,U-1010,Mobile,Android,Logout,0
L909,2025-10-11T05:34:33Z,U-1000,Mobile,iOS,background_sync,378
L911,2025-10-08T01:13:00Z,U-1061,Mobile,iOS,add_to_cart,0
L912,2025-10-14T22:08:48Z,U-1019,Mobile,iOS,Login,590
L913,2025-10-01T21:17:04Z,U-1036,Mobile,Android,Login,0
L914,2025-10-19T09:22:32Z,U-1049,Mobile,Android,view_item,230
L915,2025-10-16T01:37:20Z,U-1046,Mobile,iOS,Logout,0
L916,2025-10-20T03:55:51Z,U-1038,Mobile,iOS,purchase,0
L917,2025-10-04T22:39:06Z,U-1018,Desktop,Web,add_to_cart,13
L922,2025-10-13T07:42:37Z,U-1022,Other,Other,purchase,334
L923,2025-10-10T06:02:06Z,U-1077,Mobile,iOS,view_category,181
L924,2025-10-18T01:03:12Z,U-1050,Mobile,iOS,background_sync,500
L925,2025-10-15T01:04:38Z,U-1037,Desktop,Web,Logout,0
L926,2025-10-12T20:58:08Z,U-1008,Desktop,Web,purchase,510
L928,2025-10-15T23:55:07Z,U-1073,Mobile,Android,add_to_cart,467
L930,2025-10-06T06:46:55Z,U-1026,Mobile,iOS,view_item,334
L931,2025-10-20T18:19:33Z,U-1033,Mobile,Android,Login,272
L932,2025-10-09T15:18:43Z,U-1016,Other,Other,view_item,78
L933,2025-10-05T12:43:32Z,U-1033,Desktop,Web,search,475
L934,2025-10-11T20:45:19Z,U-1002,Mobile,iOS,Logout,278
L935,2025-10-02T07:01:58Z,U-1046,Mobile,Android,background_sync,433
L937,2025-10-03T09:38:32Z,U-1048,Other,Other,view_category,448
L939,2025-10-16T00:54:27Z,U-1060,Mobile,iOS,Logout,563
L940,2025-10-13T12:57:51Z,U-1068,Mobile,iOS,view_item,442
L942,2025-10-01T15:27:29Z,U-1071,Mobile,Android,add_to_cart,0
L944,2025-10-16T00:03:43Z,U-1075,Other,Other,Logout,539
L945,2025-10-18T01:53:26Z,U-1045,Mobile,Android,view_category,316
L946,2025-10-10T12:22:29Z,U-1023,Mobile,Android,Logout,0
L948,2025-10-12T15:29:14Z,U-1018,Mobile,iOS,background_sync,222
L949,2025-10-15T04:52:50Z,U-1039,Mobile,iOS,add_to_cart,74
L950,2025-10-17T01:01:08Z,U-1007,Mobile,Android,search,272
L952,2025-10-04T13:02:24Z,U-1005,Mobile,iOS,search,305
L953,2025-10-05T20:59:22Z,U-1042,Mobile,Android,search,0
L954,2025-10-16T16:33:42Z,U-1025,Mobile,Android,Logout,426
L955,2025-10-08T08:55:02Z,U-1054,Mobile,iOS,add_to_cart,310
L956,2025-10-20T08:45:21Z,U-1026,Mobile,iOS,search,164
L957,2025-10-07T01:38:12Z,U-1021,Mobile,Android,view_category,274
L958,2025-10-08T18:02:58Z,U-1074,Mobile,Android,view_category,295
L961,2025-10-04T12:53:18Z,U-1035,Desktop,Web,add_to_cart,579
L962,2025-10-10T13:58:13Z,U-1029,Mobile,iOS,Logout,144
L963,2025-10-02T18:52:34Z,U-1063,Mobile,Android,search,0
L964,2025-10-06T19:19:33Z,U-1046,Mobile,Android,purchase,355
L965,2025-10-01T11:02:49Z,U-1002,Mobile,Android,add_to_cart,0
L970,2025-10-15T23:15:30Z,U-1057,Mobile,iOS,Login,462
L971,2025-10-17T15:02:30Z,U-1028,Mobile,Android,background_sync,139
L972,2025-10-19T21:42:53Z,U-1029,Desktop,Web,Logout,0
L973,2025-10-17T20:16:54Z,U-1014,Mobile,Android,view_item,530
L974,2025-10-15T05:36:19Z,U-1039,Mobile,Android,add_to_cart,145
L976,2025-10-20T11:23:34Z,U-1065,Desktop,Web,Logout,0
L977,2025-10-11T11:43:05Z,U-1016,Mobile,iOS,Login,272
L979,2025-10-15T20:43:06Z,U-1057,Mobile,Android,purchase,43
L980,2025-10-20T02:40:51Z,U-1004,Other,Other,view_category,177
L981,2025-10-09T14:41:06Z,U-1039,Desktop,Web,Login,572
L984,2025-10-19T23:38:21Z,U-1015,Mobile,Android,background_sync,510
L987,2025-10-04T05:58:47Z,U-1010,Mobile,iOS,Logout,131
L989,2025-10-09T22:02:47Z,U-1037,Mobile,iOS,search,310
L991,2025-10-04T01:33:25Z,U-1046,Mobile,Android,Login,507
L992,2025-10-01T15:40:21Z,U-1043,Mobile,iOS,Login,470
L993,2025-10-18T10:03:22Z,U-1026,Desktop,Web,background_sync,216
L994,2025-10-11T02:34:16Z,U-1013,Other,Other,add_to_cart,0
L995,2025-10-17T14:17:35Z,U-1041,Other,Other,view_item,250
L998,2025-10-02T14:14:11Z,U-1060,Desktop,Web,add_to_cart,414
L999,2025-10-14T09:26:56Z,U-1003,Mobile,Android,purchase,358
L1000,2025-10-16T05:49:19Z,U-1021,Mobile,iOS,Logout,27
